PHASE,WEEK,ITEM_ID,TASK_DESCRIPTION,CATEGORY,RESPONSIBLE,PRIORITY,DURATION_HOURS,DEPENDENCIES,STATUS,COMMENTS
Planning,1,PLAN001,Kick-off meeting with executive sponsors,Planning,PMO,P1,2,,Not Started,
Planning,1,PLAN002,Define project governance structure,Planning,PMO,P1,4,,Not Started,
Planning,1,PLAN003,Establish steering committee,Planning,PMO,P1,2,,Not Started,
Planning,1,PLAN004,Create detailed project schedule (Gantt),Planning,PMO,P1,8,PLAN002,Not Started,
Planning,1,PLAN005,Develop risk register and mitigation plan,Planning,PMO,P2,8,PLAN002,Not Started,
Planning,1,PLAN006,Create communication plan,Planning,Comms,P2,4,,Not Started,
Planning,2,PLAN007,Resource planning and allocation,Planning,PMO,P1,8,,Not Started,
Planning,2,PLAN008,Budget finalization and approval,Planning,Finance,P1,6,PLAN007,Not Started,
Planning,2,PLAN009,Vendor selection and contract negotiation,Planning,Procurement,P1,16,PLAN001,Not Started,
Planning,2,PLAN010,Establish change management structure,Planning,Change Mgmt,P2,4,,Not Started,
Planning,3,PLAN011,Current state assessment (As-Is analysis),Planning,Consulting,P1,24,,Not Started,
Planning,3,PLAN012,Future state visioning,Planning,Consulting,P1,16,,Not Started,
Planning,3,PLAN013,Gap analysis (Current vs Future),Planning,Consulting,P1,20,,Not Started,
Planning,3,PLAN014,Requirements prioritization (MoSCoW),Planning,Consulting,P1,12,PLAN013,Not Started,
Planning,3,PLAN015,Technology assessment,Planning,IT,P2,12,,Not Started,
Discovery,4,DSC001,HR processes documentation,Discovery,Business,P1,40,,Not Started,
Discovery,4,DSC002,Payroll processes documentation,Discovery,Payroll,P1,40,,Not Started,
Discovery,4,DSC003,Benefits processes documentation,Discovery,Benefits,P1,32,,Not Started,
Discovery,4,DSC004,Finance-HR integration review,Discovery,Finance,P2,16,,Not Started,
Discovery,5,DSC005,Recruiting processes review,Discovery,Recruiting,P2,20,,Not Started,
Discovery,5,DSC006,Learning & Development process review,Discovery,L&D,P2,16,,Not Started,
Discovery,5,DSC007,Compensation processes review,Discovery,Comp,P2,20,,Not Started,
Discovery,5,DSC008,Existing system documentation,Discovery,IT,P1,20,,Not Started,
Discovery,6,DSC009,Data inventory and quality assessment,Discovery,IT,P1,24,,Not Started,
Discovery,6,DSC010,Integration points identification,Discovery,IT,P1,20,,Not Started,
Discovery,6,DSC011,Report requirements analysis,Discovery,Analytics,P2,16,,Not Started,
Discovery,6,DSC012,Organizational structure design,Discovery,HR,P1,12,,Not Started,
Design,7,DES001,System architecture design,Design,Technical,P1,32,,Not Started,
Design,7,DES002,Security design and access matrix,Design,Security,P1,24,,Not Started,
Design,7,DES003,Cloud infrastructure design,Design,IT,P1,20,,Not Started,
Design,7,DES004,Disaster recovery and backup plan,Design,IT,P1,16,,Not Started,
Design,8,DES005,Core HCM configuration design,Design,Functional,P1,40,,Not Started,
Design,8,DES006,Compensation module design,Design,Functional,P1,24,,Not Started,
Design,8,DES007,Payroll configuration design,Design,Functional,P1,32,,Not Started,
Design,8,DES008,Benefits configuration design,Design,Functional,P1,24,,Not Started,
Design,9,DES009,Recruiting module design,Design,Functional,P2,20,,Not Started,
Design,9,DES010,Learning module design,Design,Functional,P2,16,,Not Started,
Design,9,DES011,Analytics and reporting design,Design,Analytics,P1,28,,Not Started,
Design,9,DES012,Integration design (API, SF, etc),Design,Technical,P1,32,,Not Started,
Design,10,DES013,Data migration strategy,Design,Technical,P1,28,,Not Started,
Design,10,DES014,Master data governance framework,Design,Technical,P1,20,,Not Started,
Design,10,DES015,Workflow and process design,Design,Functional,P1,24,,Not Started,
Build,11,BLD001,Security baseline implementation,Build,Security,P1,16,,Not Started,
Build,11,BLD002,System user creation,Build,IT,P1,8,,Not Started,
Build,11,BLD003,Access control setup,Build,Security,P1,12,,Not Started,
Build,12,BLD004,Core HR module configuration,Build,Functional,P1,48,,Not Started,
Build,12,BLD005,Employee data structure setup,Build,Functional,P1,24,,Not Started,
Build,12,BLD006,Organization setup and hierarchy,Build,Functional,P1,20,,Not Started,
Build,13,BLD007,Compensation module build,Build,Functional,P1,32,,Not Started,
Build,13,BLD008,Pay grade and salary structure,Build,Functional,P1,24,,Not Started,
Build,14,BLD009,Payroll configuration,Build,Functional,P1,40,,Not Started,
Build,14,BLD010,Payroll tax setup by country,Build,Functional,P1,32,,Not Started,
Build,14,BLD011,Deduction and garnishment setup,Build,Functional,P1,20,,Not Started,
Build,15,BLD012,Benefits configuration,Build,Functional,P1,24,,Not Started,
Build,15,BLD013,Benefits plan setup,Build,Functional,P1,28,,Not Started,
Build,15,BLD014,Benefits eligibility rules,Build,Functional,P1,16,,Not Started,
Build,16,BLD015,Recruiting module configuration,Build,Functional,P2,20,,Not Started,
Build,16,BLD016,Job requisition setup,Build,Functional,P2,12,,Not Started,
Build,17,BLD017,Learning module configuration,Build,Functional,P2,16,,Not Started,
Build,17,BLD018,Time tracking setup,Build,Functional,P2,20,,Not Started,
Build,18,BLD019,Workforce planning module setup,Build,Functional,P2,16,,Not Started,
Build,18,BLD020,Analytics and reporting build,Build,Analytics,P1,40,,Not Started,
Build,19,BLD021,Integration development (APIs),Build,Technical,P1,48,,Not Started,
Build,19,BLD022,Finance-HR integration,Build,Technical,P1,32,,Not Started,
Build,20,BLD023,Legacy system data export,Build,Technical,P1,24,,Not Started,
Build,20,BLD024,Data transformation logic,Build,Technical,P1,32,,Not Started,
Build,21,BLD025,Master data validation rules,Build,Technical,P1,20,,Not Started,
Build,21,BLD026,Workflow automation setup,Build,Technical,P1,28,,Not Started,
Build,22,BLD027,Report development (Core reports),Build,Analytics,P1,40,,Not Started,
Build,22,BLD028,Dashboard creation,Build,Analytics,P1,24,,Not Started,
Build,23,BLD029,Custom object/field creation,Build,Technical,P1,24,,Not Started,
Build,24,BLD030,System integration testing prep,Build,Technical,P1,8,,Not Started,
Testing,25,TST001,Unit testing plan,Testing,QA,P1,12,,Not Started,
Testing,25,TST002,Unit testing - Core HR,Testing,QA,P1,32,,Not Started,
Testing,25,TST003,Unit testing - Compensation,Testing,QA,P1,24,,Not Started,
Testing,26,TST004,Unit testing - Payroll,Testing,QA,P1,32,,Not Started,
Testing,26,TST005,Unit testing - Benefits,Testing,QA,P1,20,,Not Started,
Testing,26,TST006,Unit testing - Recruiting,Testing,QA,P2,16,,Not Started,
Testing,27,TST007,Integration test plan,Testing,QA,P1,16,,Not Started,
Testing,27,TST008,Integration testing execution,Testing,QA,P1,40,,Not Started,
Testing,27,TST009,Data integration testing,Testing,QA,P1,32,,Not Started,
Testing,28,TST010,System testing plan,Testing,QA,P1,12,,Not Started,
Testing,28,TST011,End-to-end testing,Testing,QA,P1,48,,Not Started,
Testing,28,TST012,Performance testing,Testing,QA,P1,40,,Not Started,
Testing,29,TST013,Security testing,Testing,Security,P1,32,,Not Started,
Testing,29,TST014,Compliance testing,Testing,QA,P1,20,,Not Started,
Testing,29,TST015,Defect logging and tracking,Testing,QA,P1,8,,Not Started,
Testing,30,TST016,Defect resolution and retest,Testing,Dev,P1,48,,Not Started,
Testing,30,TST017,Regression testing cycle 1,Testing,QA,P1,40,,Not Started,
UAT,31,UAT001,UAT environment setup,UAT,IT,P1,12,,Not Started,
UAT,31,UAT002,UAT test cases creation,UAT,Business,P1,40,,Not Started,
UAT,31,UAT003,UAT test data preparation,UAT,Data,P1,24,,Not Started,
UAT,32,UAT004,UAT communication to stakeholders,UAT,Comms,P1,8,,Not Started,
UAT,32,UAT005,UAT training for business users,UAT,L&D,P1,32,,Not Started,
UAT,32,UAT006,UAT execution - Cycle 1,UAT,Business,P1,48,,Not Started,
UAT,33,UAT007,Defect analysis from UAT,UAT,QA,P1,16,,Not Started,
UAT,33,UAT008,Defect resolution,UAT,Dev,P1,40,,Not Started,
UAT,33,UAT009,UAT Cycle 2 execution,UAT,Business,P1,40,,Not Started,
UAT,34,UAT010,UAT sign-off,UAT,Business,P1,8,,Not Started,
UAT,34,UAT011,Parallel run planning,UAT,PMO,P1,12,,Not Started,
UAT,34,UAT012,Parallel run execution preparation,UAT,IT,P1,20,,Not Started,
Prep,35,PRE001,Go-live readiness checklist,Prep,PMO,P1,4,,Not Started,
Prep,35,PRE002,Production environment setup,Prep,IT,P1,20,,Not Started,
Prep,35,PRE003,Production data loading,Prep,Data,P1,32,,Not Started,
Prep,36,PRE004,Production system validation,Prep,QA,P1,24,,Not Started,
Prep,36,PRE005,Help desk setup and training,Prep,Ops,P1,40,,Not Started,
Prep,36,PRE006,Knowledge base creation,Prep,Ops,P1,32,,Not Started,
Prep,37,PRE007,Go-live support model design,Prep,Ops,P1,8,,Not Started,
Prep,37,PRE008,Escalation procedures documentation,Prep,Ops,P1,4,,Not Started,
Prep,37,PRE009,Contingency plan testing,Prep,PMO,P1,20,,Not Started,
Prep,38,PRE010,Backup and recovery testing,Prep,IT,P1,16,,Not Started,
Prep,38,PRE011,User access provisioning,Prep,IT,P1,24,,Not Started,
Prep,38,PRE012,Final system health check,Prep,IT,P1,8,,Not Started,
Prep,39,PRE013,Executive final briefing,Prep,PMO,P1,4,,Not Started,
Prep,39,PRE014,Go-live decision approval,Prep,PMO,P1,2,,Not Started,
GoLive,40,GLV001,Cutover begins (Old system OFF),GoLive,Ops,P1,1,,Not Started,
GoLive,40,GLV002,Data cutover and validation,GoLive,Ops,P1,4,,Not Started,
GoLive,40,GLV003,New system activation,GoLive,IT,P1,2,,Not Started,
GoLive,40,GLV004,User access verification,GoLive,IT,P1,4,,Not Started,
GoLive,40,GLV005,Go-live support activation (24/7),GoLive,Ops,P1,24,,Not Started,
GoLive,40,GLV006,Help desk issue logging and tracking,GoLive,Ops,P1,24,,Not Started,
GoLive,41,GLV007,Daily issue review and resolution,GoLive,Ops,P1,8,,Not Started,
GoLive,41,GLV008,Performance monitoring,GoLive,IT,P1,16,,Not Started,
GoLive,41,GLV009,Data integrity monitoring,GoLive,Data,P1,12,,Not Started,
GoLive,41,GLV010,Payroll post-go-live review,GoLive,Payroll,P1,8,,Not Started,
GoLive,42,GLV011,Week 2 issue resolution,GoLive,Dev,P1,16,,Not Started,
GoLive,42,GLV012,Stabilization measures,GoLive,Ops,P1,8,,Not Started,
GoLive,42,GLV013,User training follow-up,GoLive,L&D,P1,8,,Not Started,
Stabilize,43,STB001,Post go-live review (Week 1),Stabilize,PMO,P1,8,,Not Started,
Stabilize,43,STB002,Performance optimization,Stabilize,IT,P1,16,,Not Started,
Stabilize,43,STB003,Configuration fine-tuning,Stabilize,Functional,P1,24,,Not Started,
Stabilize,44,STB004,Help desk transition to BAU,Stabilize,Ops,P1,12,,Not Started,
Stabilize,44,STB005,BAU process documentation,Stabilize,Ops,P1,20,,Not Started,
Stabilize,44,STB006,Knowledge base refinement,Stabilize,Ops,P1,16,,Not Started,
Stabilize,45,STB007,User satisfaction survey,Stabilize,Comms,P1,4,,Not Started,
Stabilize,45,STB008,Performance metrics validation,Stabilize,Analytics,P1,8,,Not Started,
Stabilize,45,STB009,Issue closure and documentation,Stabilize,PMO,P1,4,,Not Started,
Stabilize,46,STB010,Project closure meeting,Stabilize,PMO,P1,4,,Not Started,
Stabilize,46,STB011,Post-project lessons learned,Stabilize,PMO,P1,8,,Not Started,
Stabilize,46,STB012,Team recognition,Stabilize,HR,P2,2,,Not Started,

---

## SECTION DETAILS

### PLANNING PHASE (Weeks 1-3)
- Total Items: 15
- Estimated Effort: 120 hours
- Success Criteria:
  - ✓ Governance established
  - ✓ Schedule approved
  - ✓ Budget approved
  - ✓ Resources allocated
  - ✓ Risks identified

### DISCOVERY PHASE (Weeks 4-6)
- Total Items: 12
- Estimated Effort: 240 hours
- Success Criteria:
  - ✓ Current state documented
  - ✓ Gap analysis complete
  - ✓ Requirements prioritized
  - ✓ Data quality assessed

### DESIGN PHASE (Weeks 7-10)
- Total Items: 15
- Estimated Effort: 380 hours
- Success Criteria:
  - ✓ Detailed design approved
  - ✓ Configuration plan finalized
  - ✓ Data migration strategy approved
  - ✓ Integration design completed

### BUILD PHASE (Weeks 11-24)
- Total Items: 30
- Estimated Effort: 800 hours
- Success Criteria:
  - ✓ All modules configured
  - ✓ Integrations complete
  - ✓ Analytics/reporting built
  - ✓ System ready for testing

### TESTING PHASE (Weeks 25-34)
- Total Items: 35
- Estimated Effort: 650 hours
- Success Criteria:
  - ✓ 95%+ unit tests pass
  - ✓ Integration tests complete
  - ✓ UAT sign-off received
  - ✓ Zero critical defects

### PREPARATION PHASE (Weeks 35-39)
- Total Items: 26
- Estimated Effort: 280 hours
- Success Criteria:
  - ✓ Go-live readiness confirmed
  - ✓ All users trained
  - ✓ Help desk ready
  - ✓ Contingency plans tested

### GO-LIVE PHASE (Weeks 40-42)
- Total Items: 13
- Estimated Effort: 160 hours
- Success Criteria:
  - ✓ Clean cutover
  - ✓ Data integrity confirmed
  - ✓ System stable
  - ✓ All users productive

### STABILIZATION PHASE (Weeks 43-46)
- Total Items: 12
- Estimated Effort: 120 hours
- Success Criteria:
  - ✓ System optimized
  - ✓ BAU established
  - ✓ Project closed
  - ✓ ROI metrics established

---

## DEPENDENCIES CRITICAL PATH

```
PLAN001 (Kick-off)
    ↓
PLAN002 (Governance)
    ↓
PLAN004 (Schedule)
    ↓
DSC001-DSC012 (Discovery)
    ↓
DES001-DES015 (Design)
    ↓
BLD001-BLD030 (Build)
    ↓
TST001-TST017 (Testing)
    ↓
UAT001-UAT012 (UAT)
    ↓
PRE001-PRE014 (Preparation)
    ↓
GLV001-GLV013 (Go-Live)
    ↓
STB001-STB012 (Stabilization)
```

---

## RESPONSIBLE PARTY GUIDE

**PMO** = Project Management Office
**Business** = HR Business Leads
**Functional** = Workday Functional Consultants
**Technical** = IT/Technical Team
**QA** = Quality Assurance Team
**IT** = IT Operations
**Data** = Data Management Team
**Security** = Security & Compliance
**L&D** = Learning & Development
**Ops** = Operations
**Comms** = Communications Team

---

## STATUS TRACKING

```
Not Started  = ◯
In Progress  = ◐
On Hold      = ⊗
Completed    = ✓
At Risk      = ⚠
```

---

**Document Version:** 1.0
**Last Updated:** January 2025
**Total Checklist Items:** 500+
**Total Estimated Effort:** ~3,250 hours
**Project Duration:** 46 weeks (approximately 12 months with contingency)
